ID,MS,Mp,VFN,Mh,Man,MMS,TAN,T,Va,Ve,Mk,Cn,Ct,Cr,m (kg),Mt,Enedc (g/km),Ewltp (g/km),W (mm),At1 (mm),At2 (mm),Ft,Fm,ec (cm3),ep (KW),z (Wh/km),It,Ernedc (g/km),Erwltp (g/km),De,Vf,r
123550,AT,RENAULT,,RENAULT,RENAULT SAS,RENAULT S.A.S.,E2*2007/46*0574*02,RFA,RH2,A46RVA017000,RENAULT,SCENIC,M1,,1676,,119,,2804,1602,1596,DIESEL,M,1598,96,,,,,,,2
123556,AT,RENAULT,,RENAULT,RENAULT SAS,RENAULT S.A.S.,E2*2007/46*0574*02,RFA,RH2,A46RVA017000,RENAULT,SCENIC,M1,,1676,,119,,2804,1602,1596,DIESEL,M,1598,96,,,,,,,1
123926,AT,RENAULT,,RENAULT,RENAULT SAS,RENAULT S.A.S.,E2*2001/116*0327*83,R,2R05,2R0515,RENAULT,CAPTUR,M1,,1248,,113,,2606,1531,1516,PETROL,M,898,66,,,,,,,6
123936,AT,RENAULT,,RENAULT,RENAULT SAS,RENAULT S.A.S.,E2*2001/116*0327*83,R,2R05,2R0515,RENAULT,CAPTUR,M1,,1248,,113,,2606,1531,1516,PETROL,M,898,66,,,,,,,21
123943,AT,RENAULT,,RENAULT,RENAULT SAS,RENAULT S.A.S.,E2*2001/116*0327*83,R,2R05,2R0515,RENAULT,CAPTUR,M1,,1248,,113,,2606,1531,1516,PETROL,M,898,66,,,,,,,20
132596,AT,,,OPEL AUTOMOBILE,OPEL AUTOMOBILE GMBH,OPEL AUTOMOBILE GMBH,e4*2007/46*0204*31,P-J/SW,EAEHC12,BX2N4FPHJ5,OPEL,ZAFIRA TOURER,M1,,1701,,125,,2760,1577,1577,Diesel,M,1598,88,,,,,,,10
132603,AT,,,OPEL AUTOMOBILE,OPEL AUTOMOBILE GMBH,OPEL AUTOMOBILE GMBH,e4*2007/46*0204*32,P-J/SW,EAEHC12,BX2P3FPHA7,OPEL,ZAFIRA TOURER,M1,,1701,,119,,2760,1577,1577,Diesel,M,1598,88,,,,,,,4
132612,AT,,,OPEL AUTOMOBILE,OPEL AUTOMOBILE GMBH,OPEL AUTOMOBILE GMBH,e4*2007/46*0204*31,P-J/SW,EAEHC12,BX2P3FPHJ7,OPEL,ZAFIRA TOURER,M1,,1701,,125,,2760,1577,1577,Diesel,M,1598,88,,,,,,,6
132620,AT,,,OPEL AUTOMOBILE,OPEL AUTOMOBILE GMBH,OPEL AUTOMOBILE GMBH,e4*2007/46*0204*32,P-J/SW,EAEHC12,BX2P3FPHJ7,OPEL,ZAFIRA TOURER,M1,,1701,,125,,2760,1577,1577,Diesel,M,1598,88,,,,,,,2
132628,AT,,,OPEL AUTOMOBILE,OPEL AUTOMOBILE GMBH,OPEL AUTOMOBILE GMBH,e4*2007/46*0204*32,P-J/SW,EAEHC12,BX2R2FPHA7,OPEL,ZAFIRA TOURER,M1,,1701,,119,,2760,1577,1577,Diesel,M,1598,88,,,,,,,1
132635,AT,,,OPEL AUTOMOBILE,OPEL AUTOMOBILE GMBH,OPEL AUTOMOBILE GMBH,e4*2007/46*0204*30,P-J/SW,EAELA12,BA2N4JKWA5,OPEL,ZAFIRA TOURER,M1,,1701,,129,,2760,1577,1577,NG-biomethane,M,1598,110,,,,,,,2
132643,AT,,,OPEL AUTOMOBILE,OPEL AUTOMOBILE GMBH,OPEL AUTOMOBILE GMBH,e4*2007/46*0204*32,P-J/SW,EAELA12,BX2P3JKWA7,OPEL,ZAFIRA TOURER,M1,,1701,,129,,2760,1577,1577,NG-biomethane,M,1598,110,,,,,,,1
132651,AT,,,OPEL AUTOMOBILE,OPEL AUTOMOBILE GMBH,OPEL AUTOMOBILE GMBH,e4*2007/46*0204*31,P-J/SW,EAELA12,BX2P3JKWJ7,OPEL,ZAFIRA TOURER,M1,,1701,,136,,2760,1577,1577,NG-biomethane,M,1598,110,,,,,,,3
132657,AT,,,OPEL AUTOMOBILE,OPEL AUTOMOBILE GMBH,OPEL AUTOMOBILE GMBH,e4*2007/46*0204*32,P-J/SW,EAELA12,BX2P3JKWJ7,OPEL,ZAFIRA TOURER,M1,,1701,,136,,2760,1577,1577,NG-biomethane,M,1598,110,,,,,,,1
132664,AT,,,OPEL AUTOMOBILE,OPEL AUTOMOBILE GMBH,OPEL AUTOMOBILE GMBH,e4*2007/46*0204*31,P-J/SW,EAENC12,BH2N4JBWJ5,OPEL,ZAFIRA TOURER,M1,,1664,,164,,2760,1577,1577,Petrol,M,1598,147,,e1 19,1.3,,,,1
132672,AT,,,OPEL AUTOMOBILE,OPEL AUTOMOBILE GMBH,OPEL AUTOMOBILE GMBH,e4*2007/46*0204*32,P-J/SW,EAENC12,BH2N4JBWJ7,OPEL,ZAFIRA TOURER,M1,,1664,,164,,2760,1577,1577,Petrol,M,1598,147,,e1 19,1.3,,,,1
132678,AT,,,OPEL AUTOMOBILE,OPEL AUTOMOBILE GMBH,OPEL AUTOMOBILE GMBH,e4*2007/46*0204*32,P-J/SW,EAETA12,BX2N4ADGA5,OPEL,ZAFIRA TOURER,M1,,1701,,171,,2760,1577,1577,Petrol,M,1598,125,,,,,,,1
132687,AT,,,OPEL AUTOMOBILE,OPEL AUTOMOBILE GMBH,OPEL AUTOMOBILE GMBH,e4*2007/46*0204*32,P-J/SW,EAETA12,BX2N4ADGA7,OPEL,ZAFIRA TOURER,M1,,1701,,171,,2760,1577,1577,Petrol,M,1598,125,,,,,,,1
132696,AT,,,OPEL AUTOMOBILE,OPEL AUTOMOBILE GMBH,OPEL AUTOMOBILE GMBH,e4*2007/46*0204*30,P-J/SW,EAEWC12,BA2P3FPHA5,OPEL,ZAFIRA TOURER,M1,,1701,,119,,2760,1577,1577,Diesel,M,1598,99,,,,,,,1
132705,AT,,,OPEL AUTOMOBILE,OPEL AUTOMOBILE GMBH,OPEL AUTOMOBILE GMBH,e4*2007/46*0204*30,P-J/SW,EAEWC12,BA2R2FPHA5,OPEL,ZAFIRA TOURER,M1,,1701,,119,,2760,1577,1577,Diesel,M,1598,99,,,,,,,2
132710,AT,,,OPEL AUTOMOBILE,OPEL AUTOMOBILE GMBH,OPEL AUTOMOBILE GMBH,e4*2007/46*0204*31,P-J/SW,EAEWC12,BH2N4FPHA5,OPEL,ZAFIRA TOURER,M1,,1701,,119,,2760,1577,1577,Diesel,M,1598,99,,e1 19,1.1,,,,6
132718,AT,,,OPEL AUTOMOBILE,OPEL AUTOMOBILE GMBH,OPEL AUTOMOBILE GMBH,e4*2007/46*0204*32,P-J/SW,EAEWC12,BH2N4FPHA5,OPEL,ZAFIRA TOURER,M1,,1701,,119,,2760,1577,1577,Diesel,M,1598,99,,e1 19,1.1,,,,2
132729,AT,,,OPEL AUTOMOBILE,OPEL AUTOMOBILE GMBH,OPEL AUTOMOBILE GMBH,e4*2007/46*0204*31,P-J/SW,EAEWC12,BH2P3FPHA5,OPEL,ZAFIRA TOURER,M1,,1701,,119,,2760,1577,1577,Diesel,M,1598,99,,e1 19,1.1,,,,1
132738,AT,,,OPEL AUTOMOBILE,OPEL AUTOMOBILE GMBH,OPEL AUTOMOBILE GMBH,e4*2007/46*0204*32,P-J/SW,EAEWC12,BH2P3FPHA5,OPEL,ZAFIRA TOURER,M1,,1701,,119,,2760,1577,1577,Diesel,M,1598,99,,e1 19,1.1,,,,1
132744,AT,,,OPEL AUTOMOBILE,OPEL AUTOMOBILE GMBH,OPEL AUTOMOBILE GMBH,e4*2007/46*0204*32,P-J/SW,EAEWC12,BH2P3FPHA7,OPEL,ZAFIRA TOURER,M1,,1701,,119,,2760,1577,1577,Diesel,M,1598,99,,e1 19,1.1,,,,2
132753,AT,,,OPEL AUTOMOBILE,OPEL AUTOMOBILE GMBH,OPEL AUTOMOBILE GMBH,e4*2007/46*0204*31,P-J/SW,EAEWC12,BH2R2FPHA5,OPEL,ZAFIRA TOURER,M1,,1701,,119,,2760,1577,1577,Diesel,M,1598,99,,e1 19,1.1,,,,1
132761,AT,,,OPEL AUTOMOBILE,OPEL AUTOMOBILE GMBH,OPEL AUTOMOBILE GMBH,e4*2007/46*0204*32,P-J/SW,EAEWC12,BH2R2FPHA7,OPEL,ZAFIRA TOURER,M1,,1701,,119,,2760,1577,1577,Diesel,M,1598,99,,e1 19,1.1,,,,1
132767,AT,,,OPEL AUTOMOBILE,OPEL AUTOMOBILE GMBH,OPEL AUTOMOBILE GMBH,e4*2007/46*0204*32,P-J/SW,EAEWC12,BH2R2FPHJ7,OPEL,ZAFIRA TOURER,M1,,1701,,125,,2760,1577,1577,Diesel,M,1598,99,,e1 19,1.1,,,,1
132776,AT,,,OPEL AUTOMOBILE,OPEL AUTOMOBILE GMBH,OPEL AUTOMOBILE GMBH,e4*2007/46*0204*31,P-J/SW,EAEWC12,BX2N4FPHA5,OPEL,ZAFIRA TOURER,M1,,1701,,119,,2760,1577,1577,Diesel,M,1598,99,,,,,,,5
132785,AT,,,OPEL AUTOMOBILE,OPEL AUTOMOBILE GMBH,OPEL AUTOMOBILE GMBH,e4*2007/46*0204*32,P-J/SW,EAEWC12,BX2N4FPHA5,OPEL,ZAFIRA TOURER,M1,,1701,,119,,2760,1577,1577,Diesel,M,1598,99,,,,,,,2
132794,AT,,,OPEL AUTOMOBILE,OPEL AUTOMOBILE GMBH,OPEL AUTOMOBILE GMBH,e4*2007/46*0204*32,P-J/SW,EAEWC12,BX2P3FPHA7,OPEL,ZAFIRA TOURER,M1,,1701,,119,,2760,1577,1577,Diesel,M,1598,99,,,,,,,2
132800,AT,,,OPEL AUTOMOBILE,OPEL AUTOMOBILE GMBH,OPEL AUTOMOBILE GMBH,e4*2007/46*0204*30,P-J/SW,EAHMA12,BA2R5BGDA5,OPEL,ZAFIRA TOURER,M1,,1788,,153,,2760,1577,1577,Diesel,M,1956,125,,,,,,,1
132808,AT,,,OPEL AUTOMOBILE,OPEL AUTOMOBILE GMBH,OPEL AUTOMOBILE GMBH,e4*2007/46*0204*31,P-J/SW,EAHMA12,BX2R5BGDJ7,OPEL,ZAFIRA TOURER,M1,,1788,,161,,2760,1577,1577,Diesel,M,1956,125,,,,,,,2
132815,AT,,,OPEL AUTOMOBILE,OPEL AUTOMOBILE GMBH,OPEL AUTOMOBILE GMBH,e4*2007/46*0204*32,P-J/SW,EAHMA12,BX2R5BGDJ7,OPEL,ZAFIRA TOURER,M1,,1788,,161,,2760,1577,1577,Diesel,M,1956,125,,,,,,,1
132819,AT,,,OPEL AUTOMOBILE,OPEL AUTOMOBILE GMBH,OPEL AUTOMOBILE GMBH,e4*2007/46*0204*32,P-J/SW,EAHMC12,BX2R2FPHA5,OPEL,ZAFIRA TOURER,M1,,1733,,129,,2760,1577,1577,Diesel,M,1956,125,,,,,,,1
132827,AT,,,OPEL AUTOMOBILE,OPEL AUTOMOBILE GMBH,OPEL AUTOMOBILE GMBH,e4*2007/46*0204*32,P-J/SW,EAHMC12,BX2R5FPHA5,OPEL,ZAFIRA TOURER,M1,,1733,,129,,2760,1577,1577,Diesel,M,1956,125,,,,,,,1
132834,AT,,,OPEL AUTOMOBILE,OPEL AUTOMOBILE GMBH,OPEL AUTOMOBILE GMBH,e4*2007/46*0204*31,P-J/SW,EAHMC12,BX2R5FPHA7,OPEL,ZAFIRA TOURER,M1,,1733,,129,,2760,1577,1577,Diesel,M,1956,125,,,,,,,1
132841,AT,,,OPEL AUTOMOBILE,OPEL AUTOMOBILE GMBH,OPEL AUTOMOBILE GMBH,e4*2007/46*0204*32,P-J/SW,EAHMC12,BX2R5FPHA7,OPEL,ZAFIRA TOURER,M1,,1733,,129,,2760,1577,1577,Diesel,M,1956,125,,,,,,,1
132847,AT,,,OPEL AUTOMOBILE,OPEL AUTOMOBILE GMBH,OPEL AUTOMOBILE GMBH,e4*2007/46*0204*30,P-J/SW,EAHQA12,BA2R5BGDA5,OPEL,ZAFIRA TOURER,M1,,1788,,153,,2760,1577,1577,Diesel,M,1956,96,,,,,,,1
132854,AT,,,OPEL AUTOMOBILE,OPEL AUTOMOBILE GMBH,OPEL AUTOMOBILE GMBH,e4*2007/46*0204*30,P-J/SW,EAHQA12,BA2S1BGDA7,OPEL,ZAFIRA TOURER,M1,,1788,,153,,2760,1577,1577,Diesel,M,1956,96,,,,,,,3
119413,AT,VW GROUP PC,,VOLKSWAGEN,VOLKSWAGEN AG,VOLKSWAGEN AG,E1*2007/46*0623*31,AU,GAC4DCYAX1,AD7AD7GC002N7MMON1ML77VR2N,"VOLKSWAGEN, VW",GOLF,M1,,1498,,129,,2626,1533,1503,DIESEL,M,1968,110,,,,,,,2
65363,AT,VW GROUP PC,,VOLKSWAGEN,VOLKSWAGEN AG,VOLKSWAGEN AG,E1*2001/116*0220*45,7HC,GCXGA300X0,LNFM52Z1116NVR27MMG02L63291,"VOLKSWAGEN, VW",KOMBI,M1,,1894,,155,,3400,1622,1628,DIESEL,M,1968,62,,,,,,,1
21358,AT,VW GROUP PC,,VOLKSWAGEN,VOLKSWAGEN AG,VOLKSWAGEN AG,E1*2007/46*0627*19,AUV,SACCXXAX0,FM5FM5A4051N7MMON1VL01VR2,"VOLKSWAGEN, VW",GOLF SPORTSVAN,M1,,1415,,105,,2670,1533,1504,DIESEL,M,1598,66,,,,,,,10
22870,AT,VW GROUP PC,,VOLKSWAGEN,VOLKSWAGEN AG,VOLKSWAGEN AG,E1*2001/116*0307*49,3C,ACCUAAX1,AD7AD7DL001SH7MMVR266,"VOLKSWAGEN, VW",PASSAT,M1,,1735,,151,,2786,1578,1562,DIESEL,M,1968,176,,,,,,,3
116264,AT,VW GROUP PC,,VOLKSWAGEN,VOLKSWAGEN AG,VOLKSWAGEN AG,E1*2007/46*0539*21,16,ABCZDAX0,FD7FD7AM006LLN617MMVIVR2,"VOLKSWAGEN, VW",BEETLE,M1,,1363,,126,,2540,1571,1543,PETROL,M,1395,110,,,,,,,2
112845,AT,VW GROUP PC,,SEAT,SEAT SA,"SEAT, S.A.",E9*2001/116*0067*38,6J,SCDAJA,FM6SFM6A80127MM65,SEAT,IBIZA,M1,,1260,,145,,2469,1465,1457,PETROL,M,1798,141,,,,,,,3
119096,AT,GENERAL MOTORS,,OPEL,ADAM OPEL GMBH,ADAM OPEL AG,e1*2001/116*0379*40,S-D,BAD1A12,BX1C6EF2J4,OPEL,ADAM,M1,,1120,,118,,2311,1472,1464,Petrol,M,1398,64,,,,,,,3
119104,AT,GENERAL MOTORS,,OPEL,ADAM OPEL GMBH,ADAM OPEL AG,e1*2001/116*0379*37,S-D,BAD1A12,BX1C6EHTJ4,OPEL,ADAM,M1,,1120,,125,,2311,1472,1464,Petrol,M,1398,64,,,,,,,1
119111,AT,GENERAL MOTORS,,OPEL,ADAM OPEL GMBH,ADAM OPEL AG,e1*2001/116*0379*39,S-D,BAD1A12,BX1C6EHTJ4,OPEL,ADAM,M1,,1120,,125,,2311,1472,1464,Petrol,M,1398,64,,,,,,,100
119120,AT,GENERAL MOTORS,,OPEL,ADAM OPEL GMBH,ADAM OPEL AG,e1*2001/116*0379*40,S-D,BAD1A12,BX1C6EHTJ4,OPEL,ADAM,M1,,1120,,125,,2311,1472,1464,Petrol,M,1398,64,,,,,,,70
73334,AT,SUZUKI POOL,,MAGYAR SUZUKI,MAGYAR SUZUKI CORPORATION LTD,MAGYAR SUZUKI CORPORATION LTD.,E4*2007/46*0779*03,JY,B82S,MT2,SUZUKI,SX4,M1,,1380,,113,,2600,1535,1505,DIESEL,M,1598,88,,,,,,,22
112837,AT,VW GROUP PC,,SEAT,SEAT SA,"SEAT, S.A.",E9*2001/116*0067*38,6J,SCCZEA,FM6SFM6A80097MM64,SEAT,IBIZA,M1,,1143,,112,,2469,1465,1457,PETROL,M,1395,110,,,,,,,1
116100,AT,VW GROUP PC,,VOLKSWAGEN,VOLKSWAGEN AG,VOLKSWAGEN AG,E1*2001/116*0211*41,1T,DGDAAF,FD7FD7CW0027MMS72VR261,"VOLKSWAGEN, VW",TOURAN,M1,,1604,,112,,2786,1561,1534,DIESEL,M,1598,85,,,,,,,2
21622,AT,VW GROUP PC,,VOLKSWAGEN,VOLKSWAGEN AG,VOLKSWAGEN AG,E1*2007/46*0627*17,AUV,VACCRLBX0,FD6FD6D9002N7MMON1ML73VR2,"VOLKSWAGEN, VW",GOLF,M1,,1454,,120,,2620,1533,1502,DIESEL,M,1968,110,,,,,,,1
115061,AT,VW GROUP PC,,VOLKSWAGEN,VOLKSWAGEN AG,VOLKSWAGEN AG,E1*2007/46*1725*03,3H,ABDFHAX1,AD7AD7GC005V7MVVR262,"VOLKSWAGEN, VW",ARTEON,M1,,1725,,134,,2837,1587,1577,DIESEL,M,1968,140,,,,,,,2
61984,AT,VW GROUP PC,,VOLKSWAGEN,VOLKSWAGEN AG,VOLKSWAGEN AG,E1*2001/116*0450*31,5N,ACDFHAX1,AD7AD7DL003GN5N4NVR27MM61,"VOLKSWAGEN, VW",TIGUAN,M1,,1735,,149,,2677,1576,1566,DIESEL,M,1968,140,,,,,,,1
118633,AT,VW GROUP PC,,VOLKSWAGEN,VOLKSWAGEN AG,VOLKSWAGEN AG,E1*2007/46*0627*20,AU,VACCXXBX0,FM5FM5A4051N7MMON1VL61VR2,"VOLKSWAGEN, VW",GOLF,M1,,1395,,102,,2620,1533,1502,DIESEL,M,1598,81,,,,,,,1
73253,AT,VW GROUP PC,,VOLKSWAGEN,VOLKSWAGEN AG,VOLKSWAGEN AG,E1*2001/116*0307*49,3C,ACDFEAX1,AM6AM62Q032CV7MMVR270,"VOLKSWAGEN, VW",PASSAT,M1,,1670,,130,,2789,1578,1561,DIESEL,M,1968,110,,,,,,,4
24561,AT,VW GROUP PC,,VOLKSWAGEN,VOLKSWAGEN AG,VOLKSWAGEN AG,E1*2001/116*0450*30,5N,ACDFGAX1,NAD7AD7DL003GN4TVR27MM62,"VOLKSWAGEN, VW",TIGUAN,M1,,1673,,147,,2677,1576,1566,DIESEL,M,1968,110,,,,,,,3
111687,AT,VW GROUP PC,,VOLKSWAGEN,VOLKSWAGEN AG,VOLKSWAGEN AG,E1*2001/116*0220*46,7HC,GCXFA300X0,LHFD7BT0116NVR27MMG03L63291,"VOLKSWAGEN, VW",KOMBI,M1,,1954,,161,,3400,1622,1628,DIESEL,M,1968,110,,,,,,,1
65708,AT,VW GROUP PC,,VOLKSWAGEN,VOLKSWAGEN AG,VOLKSWAGEN AG,E1*2007/46*0627*24,AUV,VACDDYBX0,FM5FM5A4051N7MMON1VL61VR2,"VOLKSWAGEN, VW",GOLF,M1,,1371,,106,,2620,1533,1504,DIESEL,M,1598,66,,,,,,,102
114833,AT,VW GROUP PC,,VOLKSWAGEN,VOLKSWAGEN AG,VOLKSWAGEN AG,E1*2001/116*0450*32,5N,ACDFGCX0,FM6FM6BB005KN5N2TVR27MM62,"VOLKSWAGEN, VW",TIGUAN,M1,,1574,,123,,2677,1579,1570,DIESEL,M,1968,85,,,,,,,47
122835,AT,VW GROUP PC,,VOLKSWAGEN,VOLKSWAGEN AG,VOLKSWAGEN AG,E1*2007/46*0623*26,AU,GAC2DDYBX0,FM5FM5A4051N7MMON1VL61VR2,"VOLKSWAGEN, VW",GOLF,M1,,1296,,106,,2620,1533,1503,DIESEL,M,1598,66,,,,,,,3
120928,AT,VW GROUP PC,,VOLKSWAGEN,VOLKSWAGEN AG,VOLKSWAGEN AG,E1*2001/116*0307*46,3C,ACCUAAX1,AD7AD7DL001SH7MMVR265,"VOLKSWAGEN, VW",PASSAT,M1,,1735,,146,,2786,1578,1562,DIESEL,M,1968,176,,,,,,,2
67515,AT,VW GROUP PC,,VOLKSWAGEN,VOLKSWAGEN AG,VOLKSWAGEN AG,E1*2007/46*0539*22,16,AACZCAX0,FD7FD7AM006LLN637MMN1VR2,"VOLKSWAGEN, VW",JETTA,M1,,1362,,118,,2648,1527,1530,PETROL,M,1395,92,,,,,,,1
74618,AT,VW GROUP PC,,VOLKSWAGEN,VOLKSWAGEN AG,VOLKSWAGEN AG,E1*2001/116*0220*45,7HC,MCXEB308X1,NNAD7BT0117NVR27MMG02L72272,"VOLKSWAGEN, VW",MULTIVAN,M1,,2195,,172,,3000,1624,1630,DIESEL,M,1968,150,,,,,,,1
116302,AT,VW GROUP PC,,VOLKSWAGEN,VOLKSWAGEN AG,VOLKSWAGEN AG,E1*2007/46*0539*23,16,ABCZDAX0,FM6FM62S029LLC637MMVIVR2,"VOLKSWAGEN, VW",BEETLE,M1,,1380,,133,,2540,1569,1544,PETROL,M,1395,110,,,,,,,1
114235,AT,VW GROUP PC,,VOLKSWAGEN,VOLKSWAGEN AG,VOLKSWAGEN AG,E1*2001/116*0450*32,5N,ACDFGAX1,AM6AM6BB003KN5N4NVR27MM62,"VOLKSWAGEN, VW",TIGUAN,M1,,1665,,139,,2677,1576,1566,DIESEL,M,1968,110,,,,,,,4
73374,AT,VW GROUP PC,,VOLKSWAGEN,VOLKSWAGEN AG,VOLKSWAGEN AG,E1*2001/116*0450*31,5N,ACCZCAX0,FM6FM62Q036KN5N2TVR27MM61,"VOLKSWAGEN, VW",TIGUAN,M1,,1490,,139,,2677,1579,1570,PETROL,M,1395,92,,,,,,,1
118003,AT,VW GROUP PC,,VOLKSWAGEN,VOLKSWAGEN AG,VOLKSWAGEN AG,E1*2001/116*0252*47,2K,ACDFSDX0,L0J2FM5FM5A4057N1SBVR27MMLL269,"VOLKSWAGEN, VW",CADDY,M1,,1519,,123,,3006,1537,1538,DIESEL,M,1968,75,,,,,,,2
72504,AT,VW GROUP PC,,VOLKSWAGEN,VOLKSWAGEN AG,VOLKSWAGEN AG,E1*2001/116*0252*47,2K,ACDFSBX0,N0J2FD6FD62E031S1SBV,"VOLKSWAGEN, VW",CADDY,M1,,1498,,132,,2682,1537,1528,DIESEL,M,1968,110,,,,,,,1
22646,AT,VW GROUP PC,,VOLKSWAGEN,VOLKSWAGEN AG,VOLKSWAGEN AG,E1*2001/116*0252*47,2K,AFDFSDX0,N0J2FD6FD62E031N1SBVR27MMLL269,"VOLKSWAGEN, VW",CADDY,M1,,1492,,131,,2682,1537,1528,DIESEL,M,1968,75,,,,,,,2
60927,AT,VW GROUP PC,,VOLKSWAGEN,VOLKSWAGEN AG,VOLKSWAGEN AG,E1*2001/116*0450*31,5N,ACDFGAX1,AD7AD7DL003GL7N6NVR27MM61,"VOLKSWAGEN, VW",TIGUAN,M1,,1815,,153,,2787,1575,1564,DIESEL,M,1968,110,,,,,,,18
68117,AT,VW GROUP PC,,VOLKSWAGEN,VOLKSWAGEN AG,VOLKSWAGEN AG,E1*2007/46*0623*22,AU,GAC45CHHAX0,FM6FM62Q037S7MMMN1ML72VR2,"VOLKSWAGEN, VW",GOLF,M1,,1395,,148,,2626,1527,1496,PETROL,M,1984,169,,,,,,,2
119549,AT,VW GROUP PC,,VOLKSWAGEN,VOLKSWAGEN AG,VOLKSWAGEN AG,E1*2007/46*0627*19,AUV,SACCYVBX0,FM6FM6AJ009N7MMON1VL02VR2,"VOLKSWAGEN, VW",GOLF SPORTSVAN,M1,,1324,,121,,2670,1533,1504,PETROL,M,1197,81,,,,,,,1
117114,AT,VW GROUP PC,,VOLKSWAGEN,VOLKSWAGEN AG,VOLKSWAGEN AG,E1*2001/116*0211*45,1T,CZDAAF,FM6FM62S0327MMS72VR261,"VOLKSWAGEN, VW",TOURAN,M1,,1482,,132,,2786,1561,1534,PETROL,M,1395,110,,,,,,,1
114143,AT,VW GROUP PC,,VOLKSWAGEN,VOLKSWAGEN AG,VOLKSWAGEN AG,E1*2001/116*0450*32,5N,ACDFGAX1,AD7AD7DL003GN5R5TVR27MM63,"VOLKSWAGEN, VW",TIGUAN,M1,,1700,,149,,2677,1576,1566,DIESEL,M,1968,110,,,,,,,65
117107,AT,VW GROUP PC,,VOLKSWAGEN,VOLKSWAGEN AG,VOLKSWAGEN AG,E1*2001/116*0211*44,1T,CZDAAF,FM6FM62S0327MMS72VR261,"VOLKSWAGEN, VW",TOURAN,M1,,1482,,132,,2786,1561,1534,PETROL,M,1395,110,,,,,,,2
122098,AT,VW GROUP PC,,VOLKSWAGEN,VOLKSWAGEN AG,VOLKSWAGEN AG,E1*2007/46*0627*28,AUV,SACDCYAX0,FM6FM62Q025N7MMON1ML02VR2,"VOLKSWAGEN, VW",GOLF SPORTSVAN,M1,,1474,,113,,2670,1533,1504,DIESEL,M,1968,110,,,,,,,4
112636,AT,VW GROUP PC,,SEAT,SEAT SA,"SEAT, S.A.",E9*2001/116*0067*39,6J,SCCHYB,FM5NFM5CF0087MM66,SEAT,IBIZA,M1,,1043,,118,,2469,1465,1457,PETROL,M,999,55,,,,,,,469
1650,AT,VW GROUP PC,,SEAT,SEAT SA,"SEAT, S.A.",E9*2007/46*0094*19,5F,BCYVBX0V,FM6SFM6AJ0097MMVLO563,SEAT,LEON,M1,,1213,,116,,2618,1549,1520,PETROL,M,1197,81,,,,,,,2
66347,AT,VW GROUP PC,,SEAT,SEAT SA,"SEAT, S.A.",E9*2007/46*0094*19,5F,FCXXBX0V,FM5SFM5A40517MMVLO561,SEAT,LEON ST,M1,,1305,,105,,2620,1549,1520,DIESEL,M,1598,81,,,,,,,1
111818,AT,VW GROUP PC,,SEAT,SEAT SA,"SEAT, S.A.",E9*2007/46*0094*19,5F,FCYVBX0V,FD7SFD7CW0017MMVLO561,SEAT,LEON ST,M1,,1275,,112,,2620,1549,1520,PETROL,M,1197,81,,,,,,,1
121266,AT,VW GROUP PC,,SEAT,SEAT SA,"SEAT, S.A.",E9*2007/46*0094*19,5F,FCZCAX0V,FM6SFM6AJ0097MMVLO565,SEAT,LEON ST,M1,,1257,,124,,2620,1549,1520,PETROL,M,1395,92,,,,,,,1
66072,AT,VW GROUP PC,,SEAT,SEAT SA,"SEAT, S.A.",E9*2007/46*0094*20,5F,BCJXHX0V,FD6SFD6D90137MMMLM572,SEAT,LEON,M1,,1421,,154,,2618,1549,1520,PETROL,M,1984,213,,,,,,,2
73109,AT,SUZUKI POOL,,MAGYAR SUZUKI,MAGYAR SUZUKI CORPORATION LTD,MAGYAR SUZUKI CORPORATION LTD.,E4*2007/46*0779*04,JY,AA2S,MT,SUZUKI,SX4,M1,,1225,,120,,2600,1535,1505,PETROL,M,1373,103,,,,,,,6
67562,AT,VW GROUP PC,,VOLKSWAGEN,VOLKSWAGEN AG,VOLKSWAGEN AG,E1*2007/46*0539*23,16,ABCUUAX0,FM5FM5A4051LLC637MMVIVR2,"VOLKSWAGEN, VW",BEETLE,M1,,1460,,116,,2540,1569,1544,DIESEL,M,1968,81,,,,,,,2
74298,AT,VW GROUP PC,,VOLKSWAGEN,VOLKSWAGEN AG,VOLKSWAGEN AG,E1*2001/116*0220*46,7HC,GCXEB308X1,NNAD7BT0117VVR27MMG02L64291,"VOLKSWAGEN, VW",KOMBI,M1,,2043,,167,,3000,1622,1628,DIESEL,M,1968,150,,,,,,,3
71685,AT,VW GROUP PC,,VOLKSWAGEN,VOLKSWAGEN AG,VOLKSWAGEN AG,E1*2007/46*0627*19,AUV,VACCXXBX0,FM5FM5A4051N7MMON1VL61VR2,"VOLKSWAGEN, VW",GOLF,M1,,1395,,102,,2620,1549,1520,DIESEL,M,1598,81,,,,,,,1
113020,AT,VW GROUP PC,,VOLKSWAGEN,VOLKSWAGEN AG,VOLKSWAGEN AG,E1*2001/116*0220*47,7HC,GCXHB300X0,LNFM52Z1116VVR27MMG02L63291,"VOLKSWAGEN, VW",KOMBI,M1,,1859,,161,,3400,1622,1628,DIESEL,M,1968,84,,,,,,,6
68646,AT,VW GROUP PC,,VOLKSWAGEN,VOLKSWAGEN AG,VOLKSWAGEN AG,E1*2007/46*0627*21,AUV,SACCYVAX0,FM5FM5AF017N7MMON1VL01VR2,"VOLKSWAGEN, VW",GOLF SPORTSVAN,M1,,1320,,116,,2670,1533,1504,PETROL,M,1197,63,,,,,,,15
21796,AT,VW GROUP PC,,VOLKSWAGEN,VOLKSWAGEN AG,VOLKSWAGEN AG,E1*2007/46*0627*30,AUV,VACDDYAX0,FD7FD7CW002N7MMON1VL61VR2,"VOLKSWAGEN, VW",GOLF,M1,,1395,,103,,2620,1533,1504,DIESEL,M,1598,85,,,,,,,1
74017,AT,VW GROUP PC,,VOLKSWAGEN,VOLKSWAGEN AG,VOLKSWAGEN AG,E1*2001/116*0450*30,5N,ACDFHAX1,NAD7AD7DL003GG5NVR27MM61,"VOLKSWAGEN, VW",TIGUAN,M1,,1723,,149,,2677,1576,1566,DIESEL,M,1968,140,,,,,,,13
72621,AT,VW GROUP PC,,VOLKSWAGEN,VOLKSWAGEN AG,VOLKSWAGEN AG,E1*2001/116*0252*47,2K,ACDFSDX0,N0J2FM5FM5A4057N1SBVR27MMLL269,"VOLKSWAGEN, VW",CADDY,M1,,1457,,120,,2682,1537,1528,DIESEL,M,1968,75,,,,,,,125
66361,AT,VW GROUP PC,,SEAT,SEAT SA,"SEAT, S.A.",E9*2007/46*0094*20,5F,FCXXBX0V,FM5SFM5A40517MMVLO563,SEAT,LEON ST,M1,,1305,,106,,2620,1549,1520,DIESEL,M,1598,81,,,,,,,1
111842,AT,VW GROUP PC,,SEAT,SEAT SA,"SEAT, S.A.",E9*2007/46*0094*20,5F,FCYVBX0V,FM6SFM6AJ0097MMVLO561,SEAT,LEON ST,M1,,1247,,114,,2620,1549,1520,PETROL,M,1197,81,,,,,,,1
66077,AT,VW GROUP PC,,SEAT,SEAT SA,"SEAT, S.A.",E9*2007/46*0094*21,5F,BCJXHX0V,FD6SFD6D90137MMMLM572,SEAT,LEON,M1,,1421,,154,,2618,1549,1520,PETROL,M,1984,213,,,,,,,5
115559,AT,VW GROUP PC,,SEAT,SEAT SA,"SEAT, S.A.",E9*2007/46*0094*21,5F,BCRMBX0V,FD6SFD6D90027MMVLO566,SEAT,LEON,M1,,1335,,120,,2618,1549,1520,DIESEL,M,1968,110,,,,,,,6
115601,AT,VW GROUP PC,,SEAT,SEAT SA,"SEAT, S.A.",E9*2007/46*0094*21,5F,BCRMBX0V,FM6SFM62Q0257MMVLO562,SEAT,LEON,M1,,1305,,110,,2618,1549,1520,DIESEL,M,1968,110,,,,,,,11
115607,AT,VW GROUP PC,,SEAT,SEAT SA,"SEAT, S.A.",E9*2007/46*0094*21,5F,BCRMBX0V,FM6SFM62Q0257MMVLO564,SEAT,LEON,M1,,1305,,112,,2618,1549,1520,DIESEL,M,1968,110,,,,,,,1
115652,AT,VW GROUP PC,,SEAT,SEAT SA,"SEAT, S.A.",E9*2007/46*0094*21,5F,BCRMBX0V,FM6SFM62Q0257MMVLO566,SEAT,LEON,M1,,1305,,115,,2618,1549,1520,DIESEL,M,1968,110,,,,,,,12
113551,AT,VW GROUP PC,,SEAT,SEAT SA,"SEAT, S.A.",E9*2007/46*0094*21,5F,BCUNAX0V,FD6SFD6D90027MMMLO571,SEAT,LEON,M1,,1390,,120,,2618,1549,1520,DIESEL,M,1968,135,,,,,,,7
113576,AT,VW GROUP PC,,SEAT,SEAT SA,"SEAT, S.A.",E9*2007/46*0094*21,5F,BCUNAX0V,FM6SFM6FB0017MMMLO571,SEAT,LEON,M1,,1370,,118,,2618,1549,1520,DIESEL,M,1968,135,,,,,,,2
113652,AT,VW GROUP PC,,SEAT,SEAT SA,"SEAT, S.A.",E9*2007/46*0094*20,5F,BCYVAX0V,FM5NFM5AF0177MMVLO561,SEAT,LEON,M1,,1188,,119,,2618,1549,1520,PETROL,M,1197,63,,,,,,,1
1642,AT,VW GROUP PC,,SEAT,SEAT SA,"SEAT, S.A.",E9*2007/46*0094*20,5F,BCYVBX0V,FM6SFM6AJ0097MMVLO561,SEAT,LEON,M1,,1213,,114,,2618,1549,1520,PETROL,M,1197,81,,,,,,,2
1692,AT,VW GROUP PC,,SEAT,SEAT SA,"SEAT, S.A.",E9*2007/46*0094*20,5F,BCZCAX0V,FM6SFM6AJ0097MMVLO565,SEAT,LEON,M1,,1233,,124,,2618,1549,1520,PETROL,M,1395,92,,,,,,,1
73188,AT,SUZUKI POOL,,MAGYAR SUZUKI,MAGYAR SUZUKI CORPORATION LTD,MAGYAR SUZUKI CORPORATION LTD.,E4*2007/46*0779*04,JY,BA2S,AT,SUZUKI,SX4,M1,,1310,,128,,2600,1535,1505,PETROL,M,1373,103,,,,,,,2
73259,AT,SUZUKI POOL,,MAGYAR SUZUKI,MAGYAR SUZUKI CORPORATION LTD,MAGYAR SUZUKI CORPORATION LTD.,E4*2007/46*0779*04,JY,B02S,MT,SUZUKI,SX4,M1,,1275,,119,,2600,1535,1505,PETROL,M,998,82,,,,,,,2
113607,AT,VW GROUP PC,,SEAT,SEAT SA,"SEAT, S.A.",E9*2007/46*0094*21,5F,BCXXAX0V,FM5NFM5A40517MMVLO561,SEAT,LEON,M1,,1260,,108,,2618,1549,1520,DIESEL,M,1598,66,,,,,,,3
113613,AT,VW GROUP PC,,SEAT,SEAT SA,"SEAT, S.A.",E9*2007/46*0094*21,5F,BCXXAX0V,FM5NFM5A40517MMVLO563,SEAT,LEON,M1,,1260,,109,,2618,1549,1520,DIESEL,M,1598,66,,,,,,,1
113621,AT,VW GROUP PC,,SEAT,SEAT SA,"SEAT, S.A.",E9*2007/46*0094*21,5F,BCXXBX0V,FD7SFD7CW0027MMVLO561,SEAT,LEON,M1,,1280,,101,,2618,1549,1520,DIESEL,M,1598,81,,,,,,,1
113630,AT,VW GROUP PC,,SEAT,SEAT SA,"SEAT, S.A.",E9*2007/46*0094*21,5F,BCXXBX0V,FM5SFM5A40517MMVLO561,SEAT,LEON,M1,,1260,,102,,2618,1549,1520,DIESEL,M,1598,81,,,,,,,6
113644,AT,VW GROUP PC,,SEAT,SEAT SA,"SEAT, S.A.",E9*2007/46*0094*21,5F,BCXXBX0V,FM5SFM5A40517MMVLO563,SEAT,LEON,M1,,1260,,103,,2618,1549,1520,DIESEL,M,1598,81,,,,,,,3
113660,AT,VW GROUP PC,,SEAT,SEAT SA,"SEAT, S.A.",E9*2007/46*0094*21,5F,BCYVAX0V,FM5NFM5AF0177MMVLO561,SEAT,LEON,M1,,1188,,119,,2618,1549,1520,PETROL,M,1197,63,,,,,,,34
113698,AT,VW GROUP PC,,SEAT,SEAT SA,"SEAT, S.A.",E9*2007/46*0094*21,5F,BCYVAX0V,FM5NFM5AF0177MMVLO563,SEAT,LEON,M1,,1188,,120,,2618,1549,1520,PETROL,M,1197,63,,,,,,,6
21240,AT,VW GROUP PC,,VOLKSWAGEN,VOLKSWAGEN AG,VOLKSWAGEN AG,E1*2007/46*0623*32,AU,GAC4DDYAX0,FD7FD7CW002N7MMON1VL63VR2N,"VOLKSWAGEN, VW",GOLF,M1,,1343,,105,,2620,1533,1503,DIESEL,M,1598,85,,,,,,,1
22942,AT,VW GROUP PC,,VOLKSWAGEN,VOLKSWAGEN AG,VOLKSWAGEN AG,E1*2001/116*0307*48,3C,ACCZCAX0,FM6FM6AJ014SV7MMVR263,"VOLKSWAGEN, VW",PASSAT,M1,,1395,,124,,2786,1578,1562,PETROL,M,1395,92,,,,,,,3
119993,AT,VW GROUP PC,,VOLKSWAGEN,VOLKSWAGEN AG,VOLKSWAGEN AG,E1*2001/116*0252*48,2K,ACDFSEX1,N0J2AM6AM62Q032N1SBVR27MMLL371,"VOLKSWAGEN, VW",CADDY,M1,,1571,,150,,2682,1537,1506,DIESEL,M,1968,90,,,,,,,134
75044,AT,VW GROUP PC,,VOLKSWAGEN,VOLKSWAGEN AG,VOLKSWAGEN AG,E1*2007/46*0401*17,7N,DFLDX0ACFM6,FM62Q0287MMO5VR2VW65,"VOLKSWAGEN, VW",SHARAN,M1,,1823,,127,,2920,1559,1605,DIESEL,M,1968,85,,,,,,,46
74033,AT,VW GROUP PC,,VOLKSWAGEN,VOLKSWAGEN AG,VOLKSWAGEN AG,E1*2001/116*0450*28,5N,ACDFHAX1,NAD7AD7DL003GN5NVR27MM61,"VOLKSWAGEN, VW",TIGUAN,M1,,1723,,149,,2677,1576,1566,DIESEL,M,1968,140,,,,,,,1
125612,AT,VW GROUP PC,,VOLKSWAGEN,VOLKSWAGEN AG,VOLKSWAGEN AG,E1*2007/46*0623*25,AU,GAC4DJHAX1,AD7AD7GC001R7MMMR2ML73VR2,"VOLKSWAGEN, VW",GOLF,M1,,1527,,163,,2626,1533,1503,PETROL,M,1984,228,,,,,,,9
22303,AT,VW GROUP PC,,VOLKSWAGEN,VOLKSWAGEN AG,VOLKSWAGEN AG,E1*2007/46*0539*22,16,AECZDAX0,FD7FD7AM006LLC637MMVIVR2,"VOLKSWAGEN, VW",BEETLE,M1,,1504,,130,,2540,1569,1544,PETROL,M,1395,110,,,,,,,3
111900,AT,VW GROUP PC,,VOLKSWAGEN,VOLKSWAGEN AG,VOLKSWAGEN AG,E1*2001/116*0220*47,7HC,GCXHA300X1,NNAM6500916SVR27MMG02L65391,"VOLKSWAGEN, VW",KOMBI,M1,,1990,,172,,3000,1622,1628,DIESEL,M,1968,110,,,,,,,1
115136,AT,VW GROUP PC,,VOLKSWAGEN,VOLKSWAGEN AG,VOLKSWAGEN AG,E1*2001/116*0252*47,2K,AFDFSDX0,L0J2FD6FD62E031N1SBVR27MMLL271,"VOLKSWAGEN, VW",CADDY,M1,,1554,,134,,3006,1537,1538,DIESEL,M,1968,75,,,,,,,1
22893,AT,VW GROUP PC,,VOLKSWAGEN,VOLKSWAGEN AG,VOLKSWAGEN AG,E1*2001/116*0307*49,3C,ACCUKCX0,FD6FD6DD001PH7MMVR267,"VOLKSWAGEN, VW",PASSAT,M1,,1735,,38,,2786,1578,1562,PETROL/ELECTRIC,M,1395,115,134,,,,,,17
123025,AT,VW GROUP PC,,VOLKSWAGEN,VOLKSWAGEN AG,VOLKSWAGEN AG,E1*2001/116*0211*42,1T,CZDAAC,FM6FM62S0327MMS50VR264,"VOLKSWAGEN, VW",TOURAN,M1,,1454,,133,,2786,1561,1534,PETROL,M,1395,110,,,,,,,7
63146,AT,VW GROUP PC,,VOLKSWAGEN,VOLKSWAGEN AG,VOLKSWAGEN AG,E1*2001/116*0252*45,2K,AFCZCBX0,L0J2FM6FM62S035N1SBVR27MMLL271,"VOLKSWAGEN, VW",CADDY,M1,,1447,,138,,3006,1537,1538,PETROL,M,1395,92,,,,,,,5
21075,AT,VW GROUP PC,,VOLKSWAGEN,VOLKSWAGEN AG,VOLKSWAGEN AG,E1*2007/46*0623*13,AU,GAC4CUKBX0,FD6FD6DD001P7MMON1ML02VR2,"VOLKSWAGEN, VW",GOLF,M1,,1599,,37,,2629,1527,1496,PETROL/ELECTRIC,M,1395,110,116,,,,,,1
74629,AT,VW GROUP PC,,VOLKSWAGEN,VOLKSWAGEN AG,VOLKSWAGEN AG,E1*2001/116*0220*47,7HC,MCXEB308X1,NNAD7BT0117NVR27MMG02L72272,"VOLKSWAGEN, VW",MULTIVAN,M1,,2195,,178,,3000,1624,1630,DIESEL,M,1968,150,,,,,,,2
116907,AT,VW GROUP PC,,VOLKSWAGEN,VOLKSWAGEN AG,VOLKSWAGEN AG,E1*2001/116*0252*49,2K,ACCYVCX0,N0J2FM5FM5AH017N1SBVR27MMLL266,"VOLKSWAGEN, VW",CADDY,M1,,1350,,139,,2682,1537,1528,PETROL,M,1197,62,,,,,,,1
122281,AT,VW GROUP PC,,VOLKSWAGEN,VOLKSWAGEN AG,VOLKSWAGEN AG,E1*2007/46*0623*25,AU,GAC2CZCAX0,FM6FM6AJ015N7MMON1ML61VR2,"VOLKSWAGEN, VW",GOLF,M1,,1246,,120,,2620,1533,1503,PETROL,M,1395,92,,,,,,,1
111678,AT,VW GROUP PC,,VOLKSWAGEN,VOLKSWAGEN AG,VOLKSWAGEN AG,E1*2001/116*0220*47,7HC,GCXEB320X1,LNAM6501217NVR27MMG02L66391,"VOLKSWAGEN, VW",KOMBI,M1,,2092,,190,,3400,1622,1628,DIESEL,M,1968,150,,,,,,,1
66980,AT,VW GROUP PC,,VOLKSWAGEN,VOLKSWAGEN AG,VOLKSWAGEN AG,E1*2001/116*0211*40,1T,DFGAAF,FM6FM62Q0287MMS72VR264,"VOLKSWAGEN, VW",TOURAN,M1,,1595,,120,,2786,1569,1542,DIESEL,M,1968,110,,,,,,,1
25560,AT,VW GROUP PC,,VOLKSWAGEN,VOLKSWAGEN AG,VOLKSWAGEN AG,E1*2007/46*0401*16,7N,DFLAX0AF,FM6FM6BB0027MMN7VR2VW61,"VOLKSWAGEN, VW",SHARAN,M1,,1822,,130,,2920,1559,1605,DIESEL,M,1968,110,,,,,,,87
66968,AT,VW GROUP PC,,VOLKSWAGEN,VOLKSWAGEN AG,VOLKSWAGEN AG,E1*2001/116*0211*44,1T,DFGAAF,FM6FM62Q0287MMS72VR261,"VOLKSWAGEN, VW",TOURAN,M1,,1595,,119,,2786,1561,1534,DIESEL,M,1968,110,,,,,,,3
73625,AT,VW GROUP PC,,VOLKSWAGEN,VOLKSWAGEN AG,VOLKSWAGEN AG,E1*2001/116*0450*31,5N,ACCZEAX0,FM6FM62Q036KN5R2TVR27MM63,"VOLKSWAGEN, VW",TIGUAN,M1,,1490,,132,,2677,1579,1570,PETROL,M,1395,110,,,,,,,1
72289,AT,VW GROUP PC,,VOLKSWAGEN,VOLKSWAGEN AG,VOLKSWAGEN AG,E1*2007/46*0539*21,16,ABCYVDX0,FM6FM6AJ010LLN627MMVIVR2,"VOLKSWAGEN, VW",BEETLE,M1,,1314,,124,,2540,1571,1543,PETROL,M,1197,77,,,,,,,4
114771,AT,VW GROUP PC,,VOLKSWAGEN,VOLKSWAGEN AG,VOLKSWAGEN AG,E1*2001/116*0450*26,5N,ACDFGAX1,NAM6AM6BB003KR5NVR27MM63,"VOLKSWAGEN, VW",TIGUAN,M1,,1641,,141,,2677,1576,1566,DIESEL,M,1968,110,,,,,,,1
21377,AT,VW GROUP PC,,VOLKSWAGEN,VOLKSWAGEN AG,VOLKSWAGEN AG,E1*2007/46*0627*18,AUV,SACCXXBX0,FD7FD7CW002N7MMON1VL02VR2,"VOLKSWAGEN, VW",GOLF SPORTSVAN,M1,,1436,,106,,2670,1533,1504,DIESEL,M,1598,81,,,,,,,1
117838,AT,VW GROUP PC,,VOLKSWAGEN,VOLKSWAGEN AG,VOLKSWAGEN AG,E1*2007/46*0627*26,AUV,VACCHZKX0,FM5FM5AH001N7MMON1VL61VR2,"VOLKSWAGEN, VW",GOLF,M1,,1280,,109,,2620,1533,1504,PETROL,M,999,63,,,,,,,3
111840,AT,VW GROUP PC,,VOLKSWAGEN,VOLKSWAGEN AG,VOLKSWAGEN AG,E1*2001/116*0220*48,7HC,GCXHA300X0,NNFM6500816NVR27MMG02L63291,"VOLKSWAGEN, VW",KOMBI,M1,,1868,,161,,3000,1622,1628,DIESEL,M,1968,110,,,,,,,3
58863,AT,VW GROUP PC,,VOLKSWAGEN,VOLKSWAGEN AG,VOLKSWAGEN AG,E1*2001/116*0220*48,7HC,MCXFA308X1,NNAD7BT0117NVR27MMG02L64272,"VOLKSWAGEN, VW",MULTIVAN,M1,,2180,,167,,3000,1624,1630,DIESEL,M,1968,110,,,,,,,25
21731,AT,VW GROUP PC,,VOLKSWAGEN,VOLKSWAGEN AG,VOLKSWAGEN AG,E1*2007/46*0627*24,AUV,VACCZCAX0,FM6FM6AJ015N7MMON1ML63VR2,"VOLKSWAGEN, VW",GOLF,M1,,1316,,125,,2620,1533,1504,PETROL,M,1395,92,,,,,,,11
74854,AT,VW GROUP PC,,VOLKSWAGEN,VOLKSWAGEN AG,VOLKSWAGEN AG,E1*2001/116*0220*46,7HC,SCJKB300X0,NAFM6501116NVR27MMG03L61272,"VOLKSWAGEN, VW",CALIFORNIA BEACH,M1,,2264,,216,,3000,1624,1630,PETROL,M,1984,110,,,,,,,1